USE RYU_TECHNOLOGY;
SET SQL_SAFE_UPDATES = 0;

INSERT INTO `CATEGORIA` (`ID_CATEGORIA`, `NOMBRE_CATEGORIA`) VALUES (1, 'CAMARA');
INSERT INTO `CATEGORIA` (`ID_CATEGORIA`, `NOMBRE_CATEGORIA`) VALUES (2, 'FIREWALL');
INSERT INTO `CATEGORIA` (`ID_CATEGORIA`, `NOMBRE_CATEGORIA`) VALUES (3, 'ROUTER');
INSERT INTO `CATEGORIA` (`ID_CATEGORIA`, `NOMBRE_CATEGORIA`) VALUES (4, 'SWITCH');

INSERT INTO `USUARIO` (`ID_USUARIO`,`NOMBRE`,`APELLIDO`,`EMAIL`,`DIRECCION`,`TELEFONO`) VALUES (12345678,'PEDRO', 'GARCIA','GARPE123@HOTMAIL.COM', 'CORRIENTES 523, ROSARIO', 1145569874);
INSERT INTO `USUARIO` (`ID_USUARIO`,`NOMBRE`,`APELLIDO`,`EMAIL`,`DIRECCION`,`TELEFONO`) VALUES (23456781,'JOSE', 'RAMIREZ','JRAMI@OUTLOOK.COM', 'SANTA FE 253, CABA', 1155698744);
INSERT INTO `USUARIO` (`ID_USUARIO`,`NOMBRE`,`APELLIDO`,`EMAIL`,`DIRECCION`,`TELEFONO`) VALUES (34567812,'ALBERTO', 'SANCHEZ','SANAL88@YAHOO.COM', 'SAN MARTIN 2585, CORDOBA', 1169874455);
INSERT INTO `USUARIO` (`ID_USUARIO`,`NOMBRE`,`APELLIDO`,`EMAIL`,`DIRECCION`,`TELEFONO`) VALUES (45678123,'MARIA', 'FERNANDEZ','MFERNAN74@HOTMAIL.COM', 'MIGUEL ANGEL 523, CABA', 1133569874);
INSERT INTO `USUARIO` (`ID_USUARIO`,`NOMBRE`,`APELLIDO`,`EMAIL`,`DIRECCION`,`TELEFONO`) VALUES (95930258,'CATALINA', 'GARCIA','CATUSGAR98@GMAIL.COM', 'FLORIDA 852, MENDOZA', 1198742274);
INSERT INTO `USUARIO` (`ID_USUARIO`,`NOMBRE`,`APELLIDO`,`EMAIL`,`DIRECCION`,`TELEFONO`) VALUES (20587416,'JOSE', 'SUAREZ','JOSHEPFOY@OUTLOOK.COM', 'SANTA FE 523, CABA', 1145569874);
INSERT INTO `USUARIO` (`ID_USUARIO`,`NOMBRE`,`APELLIDO`,`EMAIL`,`DIRECCION`,`TELEFONO`) VALUES (10582469,'CONSTANZA', 'ALVAREZ','CONNY98PEACE@HOTMAIL.COM', 'OLLEROS 1598, TIERRA DE FUEGO', 1156453952);
INSERT INTO `USUARIO` (`ID_USUARIO`,`NOMBRE`,`APELLIDO`,`EMAIL`,`DIRECCION`,`TELEFONO`) VALUES (45963741,'LUZ', 'SALLIS','LIGHTSAL@GMAIL.COM', 'VILLA DEL PARQUE 2589, CABA', 1132657845);
INSERT INTO `USUARIO` (`ID_USUARIO`,`NOMBRE`,`APELLIDO`,`EMAIL`,`DIRECCION`,`TELEFONO`) VALUES (12005678,'NATALIA', 'CUNSELO','NATY_GIRL99@HOTMAIL.COM', 'CORDOBA 4523, CABA', 1125123674);
INSERT INTO `USUARIO` (`ID_USUARIO`,`NOMBRE`,`APELLIDO`,`EMAIL`,`DIRECCION`,`TELEFONO`) VALUES (15235678,'LUIS', 'PEREZ','LPVZLA858@HOTMAIL.COM', 'LAPRIDA 415, AMBA', 1173199874);
INSERT INTO `USUARIO` (`ID_USUARIO`,`NOMBRE`,`APELLIDO`,`EMAIL`,`DIRECCION`,`TELEFONO`) VALUES (12345000,'BARBARA', 'MATINEZ','BARBIEMARTI456@OUTLOOK.COM', 'BOLIVAR 999, CABA', 1133309874);

INSERT INTO `PRODUCTO` (`ID_PRODUCTO`,`NOMBRE`,`MARCA`,`TIPO`,`CATEGORIA`,`PRECIO`,`CANTIDAD`,`IMAGEN`,`ID_CATEGORIA`) VALUES (1,'M1065','AXIS','BULLET','1',1000,10,'/M1065.JPG',1);
INSERT INTO `PRODUCTO` (`ID_PRODUCTO`,`NOMBRE`,`MARCA`,`TIPO`,`CATEGORIA`,`PRECIO`,`CANTIDAD`,`IMAGEN`,`ID_CATEGORIA`) VALUES (2,'M1134','AXIS','BULLET','1',1200,20,'/M1134.JPG',1);
INSERT INTO `PRODUCTO` (`ID_PRODUCTO`,`NOMBRE`,`MARCA`,`TIPO`,`CATEGORIA`,`PRECIO`,`CANTIDAD`,`IMAGEN`,`ID_CATEGORIA`) VALUES (3,'M1137','AXIS','BULLET','1',900,15,'/M1137.JPG',1);
INSERT INTO `PRODUCTO` (`ID_PRODUCTO`,`NOMBRE`,`MARCA`,`TIPO`,`CATEGORIA`,`PRECIO`,`CANTIDAD`,`IMAGEN`,`ID_CATEGORIA`) VALUES (4,'P1375','AXIS','BULLET','1',1700,50,'/P1375.JPG',1);
INSERT INTO `PRODUCTO` (`ID_PRODUCTO`,`NOMBRE`,`MARCA`,`TIPO`,`CATEGORIA`,`PRECIO`,`CANTIDAD`,`IMAGEN`,`ID_CATEGORIA`) VALUES (5,'M3058','AXIS','BULLET','1',2000,2,'/MM3058.JPG',1);
INSERT INTO `PRODUCTO` (`ID_PRODUCTO`,`NOMBRE`,`MARCA`,`TIPO`,`CATEGORIA`,`PRECIO`,`CANTIDAD`,`IMAGEN`,`ID_CATEGORIA`) VALUES (6,'P3807','AXIS','PANORAMICA','1',1000,5,'/P3807.JPG',1);
INSERT INTO `PRODUCTO` (`ID_PRODUCTO`,`NOMBRE`,`MARCA`,`TIPO`,`CATEGORIA`,`PRECIO`,`CANTIDAD`,`IMAGEN`,`ID_CATEGORIA`) VALUES (7,'P3717\"','AXIS','BULLET','1',1000,10,'/P3717\".JPG',1);
INSERT INTO `PRODUCTO` (`ID_PRODUCTO`,`NOMBRE`,`MARCA`,`TIPO`,`CATEGORIA`,`PRECIO`,`CANTIDAD`,`IMAGEN`,`ID_CATEGORIA`) VALUES (8,'Q6100','AXIS','BULLET','1',1520,10,'/Q6100.JPG',1);
INSERT INTO `PRODUCTO` (`ID_PRODUCTO`,`NOMBRE`,`MARCA`,`TIPO`,`CATEGORIA`,`PRECIO`,`CANTIDAD`,`IMAGEN`,`ID_CATEGORIA`) VALUES (9,'FIREPOWER1000','CISCO','SMALLER BUSINESSES','2',2000,10,'/FIREPOWER1000.JPG',2);
INSERT INTO `PRODUCTO` (`ID_PRODUCTO`,`NOMBRE`,`MARCA`,`TIPO`,`CATEGORIA`,`PRECIO`,`CANTIDAD`,`IMAGEN`,`ID_CATEGORIA`) VALUES (10,'FIREPOWER2100','CISCO','SMALLER BUSINESSES','2',2500,50,'/FIREPOWER2100.JPG',2);
INSERT INTO `PRODUCTO` (`ID_PRODUCTO`,`NOMBRE`,`MARCA`,`TIPO`,`CATEGORIA`,`PRECIO`,`CANTIDAD`,`IMAGEN`,`ID_CATEGORIA`) VALUES (11,'FIREPOWER4100','CISCO','DATACENTER','2',3500,30,'/FIREPOWER4100.WEBP',2);
INSERT INTO `PRODUCTO` (`ID_PRODUCTO`,`NOMBRE`,`MARCA`,`TIPO`,`CATEGORIA`,`PRECIO`,`CANTIDAD`,`IMAGEN`,`ID_CATEGORIA`) VALUES (12,'ISA3000','CISCO','INDUSTRIAL','2',2500,10,'/ISA3000.WEBP',2);
INSERT INTO `PRODUCTO` (`ID_PRODUCTO`,`NOMBRE`,`MARCA`,`TIPO`,`CATEGORIA`,`PRECIO`,`CANTIDAD`,`IMAGEN`,`ID_CATEGORIA`) VALUES (13,'NSA2650','SONICWALL','SMALLER BUSINESSES','2',2500,20,'/NSA2650,JPG',2);
INSERT INTO `PRODUCTO` (`ID_PRODUCTO`,`NOMBRE`,`MARCA`,`TIPO`,`CATEGORIA`,`PRECIO`,`CANTIDAD`,`IMAGEN`,`ID_CATEGORIA`) VALUES (14,'NSA2700','SONICWALL','SMALLER BUSINESSES','2',2100,5,'/NSA2700.JPG',2);
INSERT INTO `PRODUCTO` (`ID_PRODUCTO`,`NOMBRE`,`MARCA`,`TIPO`,`CATEGORIA`,`PRECIO`,`CANTIDAD`,`IMAGEN`,`ID_CATEGORIA`) VALUES (15,'NSA6700','SONICWALL','DATACENTER','2',2500,50,'/NSA6700.JPG',2);
INSERT INTO `PRODUCTO` (`ID_PRODUCTO`,`NOMBRE`,`MARCA`,`TIPO`,`CATEGORIA`,`PRECIO`,`CANTIDAD`,`IMAGEN`,`ID_CATEGORIA`) VALUES (16,'NSA9650','SONICWALL','DATACENTER','2',2500,30,'/NSA9650.JPG',2);
INSERT INTO `PRODUCTO` (`ID_PRODUCTO`,`NOMBRE`,`MARCA`,`TIPO`,`CATEGORIA`,`PRECIO`,`CANTIDAD`,`IMAGEN`,`ID_CATEGORIA`) VALUES (17,'4000-SERIES','CISCO','BRANCH','3',1500,23,'/4000-SERIES.WEBP',3);
INSERT INTO `PRODUCTO` (`ID_PRODUCTO`,`NOMBRE`,`MARCA`,`TIPO`,`CATEGORIA`,`PRECIO`,`CANTIDAD`,`IMAGEN`,`ID_CATEGORIA`) VALUES (18,'8200-SERIES','CISCO','BRANCH','3',1200,10,'/8200-SERIES.WEBP',3);
INSERT INTO `PRODUCTO` (`ID_PRODUCTO`,`NOMBRE`,`MARCA`,`TIPO`,`CATEGORIA`,`PRECIO`,`CANTIDAD`,`IMAGEN`,`ID_CATEGORIA`) VALUES (19,'8200-UCPE','CISCO','BRANCH','3',3500,12,'/8200-UCPE.WEBP',3);
INSERT INTO `PRODUCTO` (`ID_PRODUCTO`,`NOMBRE`,`MARCA`,`TIPO`,`CATEGORIA`,`PRECIO`,`CANTIDAD`,`IMAGEN`,`ID_CATEGORIA`) VALUES (20,'8300-SERIES','CISCO','WAN-AGGREGATION','3',2500,50,'/8300-SERIES.WEBP',3);
INSERT INTO `PRODUCTO` (`ID_PRODUCTO`,`NOMBRE`,`MARCA`,`TIPO`,`CATEGORIA`,`PRECIO`,`CANTIDAD`,`IMAGEN`,`ID_CATEGORIA`) VALUES (21,'NCS-500','CISCO','WAN-AGGREGATION','3',3500,5,'/NCS-500.WEBP',3);
INSERT INTO `PRODUCTO` (`ID_PRODUCTO`,`NOMBRE`,`MARCA`,`TIPO`,`CATEGORIA`,`PRECIO`,`CANTIDAD`,`IMAGEN`,`ID_CATEGORIA`) VALUES (22,'NCS-5000','CISCO','WAN-AGGREGATION','3',3500,5,'/NCS-5000.WEBP',3);
INSERT INTO `PRODUCTO` (`ID_PRODUCTO`,`NOMBRE`,`MARCA`,`TIPO`,`CATEGORIA`,`PRECIO`,`CANTIDAD`,`IMAGEN`,`ID_CATEGORIA`) VALUES (23,'NCS-5500','CISCO','WAN-AGGREGATION','3',4500,55,'/NCS-5500.WEBP',3);
INSERT INTO `PRODUCTO` (`ID_PRODUCTO`,`NOMBRE`,`MARCA`,`TIPO`,`CATEGORIA`,`PRECIO`,`CANTIDAD`,`IMAGEN`,`ID_CATEGORIA`) VALUES (24,'NCS-5700','CISCO','WAN-AGGREGATION','3',3500,5,'/NCS-5700.JPG',3);
INSERT INTO `PRODUCTO` (`ID_PRODUCTO`,`NOMBRE`,`MARCA`,`TIPO`,`CATEGORIA`,`PRECIO`,`CANTIDAD`,`IMAGEN`,`ID_CATEGORIA`) VALUES (25,'CATALYST-9300','CISCO','CORE','4',1500,5,'/CATALYST-9300.JPG',4);
INSERT INTO `PRODUCTO` (`ID_PRODUCTO`,`NOMBRE`,`MARCA`,`TIPO`,`CATEGORIA`,`PRECIO`,`CANTIDAD`,`IMAGEN`,`ID_CATEGORIA`) VALUES (26,'CATALYST-9400','CISCO','CORE','4',1500,25,'/CATALYST-9400.JPG',4);
INSERT INTO `PRODUCTO` (`ID_PRODUCTO`,`NOMBRE`,`MARCA`,`TIPO`,`CATEGORIA`,`PRECIO`,`CANTIDAD`,`IMAGEN`,`ID_CATEGORIA`) VALUES (27,'CATALYST-9500','CISCO','CORE','4',1780,25,'/CATALYST-9500.JPG',4);
INSERT INTO `PRODUCTO` (`ID_PRODUCTO`,`NOMBRE`,`MARCA`,`TIPO`,`CATEGORIA`,`PRECIO`,`CANTIDAD`,`IMAGEN`,`ID_CATEGORIA`) VALUES (28,'CATALYST-9600','CISCO','CORE','4',1600,25,'/CATALYST-9600.JPG',4);
INSERT INTO `PRODUCTO` (`ID_PRODUCTO`,`NOMBRE`,`MARCA`,`TIPO`,`CATEGORIA`,`PRECIO`,`CANTIDAD`,`IMAGEN`,`ID_CATEGORIA`) VALUES (29,'SWS12-8','SONICWALL','LAN-ACCESS','4',2000,25,'/SWS12-8.JPG',4);
INSERT INTO `PRODUCTO` (`ID_PRODUCTO`,`NOMBRE`,`MARCA`,`TIPO`,`CATEGORIA`,`PRECIO`,`CANTIDAD`,`IMAGEN`,`ID_CATEGORIA`) VALUES (30,'SWS14-24','SONICWALL','LAN-ACCESS','4',1500,25,'/SWS14-24.JPG.JPG',4);
INSERT INTO `PRODUCTO` (`ID_PRODUCTO`,`NOMBRE`,`MARCA`,`TIPO`,`CATEGORIA`,`PRECIO`,`CANTIDAD`,`IMAGEN`,`ID_CATEGORIA`) VALUES (31,'SWS12-10','SONICWALL','LAN-ACCESS','4',1600,25,'/SWS12-10.JPG',4);
INSERT INTO `PRODUCTO` (`ID_PRODUCTO`,`NOMBRE`,`MARCA`,`TIPO`,`CATEGORIA`,`PRECIO`,`CANTIDAD`,`IMAGEN`,`ID_CATEGORIA`) VALUES (32,'SWS12-24','SONICWALL','LAN-ACCESS','4',2500,25,'/SWS12-24JPG',4);
INSERT INTO `PRODUCTO` (`ID_PRODUCTO`,`NOMBRE`,`MARCA`,`TIPO`,`CATEGORIA`,`PRECIO`,`CANTIDAD`,`IMAGEN`,`ID_CATEGORIA`) VALUES (33,'SWS12-48','SONICWALL','LAN-ACCESS','4',2500,25,'/SWS12-48.JPG',4);
INSERT INTO `PRODUCTO`(`ID_PRODUCTO`, `NOMBRE`, `MARCA`,`TIPO`,`CATEGORIA`,`PRECIO`,`CANTIDAD`,`IMAGEN`,`ID_CATEGORIA`) VALUES (34,'M5525','AXIS','PTZ','1','1750','10','/M5525.JPG',1);
INSERT INTO `PRODUCTO`(`ID_PRODUCTO`, `NOMBRE`, `MARCA`,`TIPO`,`CATEGORIA`,`PRECIO`,`CANTIDAD`,`IMAGEN`,`ID_CATEGORIA`) VALUES (35,'P5655','AXIS','PTZ','1','1550','15','/P5655.JPG',1);
INSERT INTO `PRODUCTO`(`ID_PRODUCTO`, `NOMBRE`, `MARCA`,`TIPO`,`CATEGORIA`,`PRECIO`,`CANTIDAD`,`IMAGEN`,`ID_CATEGORIA`) VALUES (36,'Q6075','AXIS','PTZ','1','2750','18','/Q6075.JPG',1);
INSERT INTO `PRODUCTO`(`ID_PRODUCTO`, `NOMBRE`, `MARCA`,`TIPO`,`CATEGORIA`,`PRECIO`,`CANTIDAD`,`IMAGEN`,`ID_CATEGORIA`) VALUES (37,'Q6315','AXIS','PTZ','1','3050','20','/Q6315.JPG',1);
INSERT INTO `PRODUCTO`(`ID_PRODUCTO`, `NOMBRE`, `MARCA`,`TIPO`,`CATEGORIA`,`PRECIO`,`CANTIDAD`,`IMAGEN`,`ID_CATEGORIA`) VALUES (38,'P1290','AXIS','TERMICA','1','4000','5','/P1290.JPG',1);

INSERT INTO `WISHLIST` (`NOMBRE`,`MARCA`,`ID_PRODUCTO`) VALUES ('FIREPOWER2100','CISCO',10);
INSERT INTO `WISHLIST` (`NOMBRE`,`MARCA`,`ID_PRODUCTO`) VALUES ('NSA6700','SONICWALL',15);

INSERT INTO `CARRITO` (`NOMBRE`, `CANTIDAD_AGREGADA`, `CANTIDAD_STOCK`, `PRECIO`, `MARCA`, `CATEGORIA`, `ID_PRODUCTO`, `ID_PRODUCTO_WISHLIST`) VALUES ('NCS-5000',2,5,3500,'CISCO',3,22,NULL);
INSERT INTO `CARRITO` (`NOMBRE`, `CANTIDAD_AGREGADA`, `CANTIDAD_STOCK`, `PRECIO`, `MARCA`, `CATEGORIA`, `ID_PRODUCTO`, `ID_PRODUCTO_WISHLIST`) VALUES ('SWS14-24',1,25,1500,'SONICWALL',4,30,NULL);
INSERT INTO `CARRITO` (`NOMBRE`, `CANTIDAD_AGREGADA`, `CANTIDAD_STOCK`, `PRECIO`, `MARCA`, `CATEGORIA`, `ID_PRODUCTO`, `ID_PRODUCTO_WISHLIST`) VALUES ('M1065',2,10,1000,'AXIS',1,1,NULL);
INSERT INTO `CARRITO` (`NOMBRE`, `CANTIDAD_AGREGADA`, `CANTIDAD_STOCK`, `PRECIO`, `MARCA`, `CATEGORIA`, `ID_PRODUCTO`, `ID_PRODUCTO_WISHLIST`) VALUES ('FIREPOWER2100',1,50,2500,'CISCO',2,10,1);
INSERT INTO `CARRITO` (`NOMBRE`, `CANTIDAD_AGREGADA`, `CANTIDAD_STOCK`, `PRECIO`, `MARCA`, `CATEGORIA`, `ID_PRODUCTO`, `ID_PRODUCTO_WISHLIST`) VALUES ('NSA6700',3,50,2500,'SONICWALL',2,15,2);
INSERT INTO `CARRITO` (`NOMBRE`, `CANTIDAD_AGREGADA`, `CANTIDAD_STOCK`, `PRECIO`, `MARCA`, `CATEGORIA`, `ID_PRODUCTO`, `ID_PRODUCTO_WISHLIST`) VALUES ('8200-SERIES', 1, 10, 1200, 'CISCO', 3, 18, NULL);
INSERT INTO `CARRITO` (`NOMBRE`, `CANTIDAD_AGREGADA`, `CANTIDAD_STOCK`, `PRECIO`, `MARCA`, `CATEGORIA`, `ID_PRODUCTO`, `ID_PRODUCTO_WISHLIST`) VALUES ('CATALYST-9500', 2, 25, 1780, 'CISCO', 4, 27, NULL);
INSERT INTO `CARRITO` (`NOMBRE`, `CANTIDAD_AGREGADA`, `CANTIDAD_STOCK`, `PRECIO`, `MARCA`, `CATEGORIA`, `ID_PRODUCTO`, `ID_PRODUCTO_WISHLIST`) VALUES ('SWS12-10', 5, 25, 1600, 'SONICWALL', 4, 31, NULL);
INSERT INTO `CARRITO` (`NOMBRE`, `CANTIDAD_AGREGADA`, `CANTIDAD_STOCK`, `PRECIO`, `MARCA`, `CATEGORIA`, `ID_PRODUCTO`, `ID_PRODUCTO_WISHLIST`) VALUES ('NCS-5000', 1, 5, 3500, 'CISCO', 3, 22, NULL);
INSERT INTO `CARRITO` (`NOMBRE`, `CANTIDAD_AGREGADA`, `CANTIDAD_STOCK`, `PRECIO`, `MARCA`, `CATEGORIA`, `ID_PRODUCTO`, `ID_PRODUCTO_WISHLIST`) VALUES ('ISA3000', 2, 10, 2500, 'CISCO', 2, 12, NULL);
INSERT INTO `CARRITO` (`NOMBRE`, `CANTIDAD_AGREGADA`, `CANTIDAD_STOCK`, `PRECIO`, `MARCA`, `CATEGORIA`, `ID_PRODUCTO`, `ID_PRODUCTO_WISHLIST`) VALUES ('8200-SERIES', 3, 10, 1200, 'CISCO', 3, 18, NULL);
INSERT INTO `CARRITO` (`NOMBRE`, `CANTIDAD_AGREGADA`, `CANTIDAD_STOCK`, `PRECIO`, `MARCA`, `CATEGORIA`, `ID_PRODUCTO`, `ID_PRODUCTO_WISHLIST`) VALUES ('M1065', 1, 10, 1000, 'AXIS', 1, 1, NULL);
INSERT INTO `CARRITO` (`NOMBRE`, `CANTIDAD_AGREGADA`, `CANTIDAD_STOCK`, `PRECIO`, `MARCA`, `CATEGORIA`, `ID_PRODUCTO`, `ID_PRODUCTO_WISHLIST`) VALUES ('SWS12-10', 2, 50, 2500, 'CISCO', 2, 10, NULL);
INSERT INTO `CARRITO` (`NOMBRE`, `CANTIDAD_AGREGADA`, `CANTIDAD_STOCK`, `PRECIO`, `MARCA`, `CATEGORIA`, `ID_PRODUCTO`, `ID_PRODUCTO_WISHLIST`) VALUES ('8300-SERIES', 3, 10, 2500, 'CISCO', 3, 20, NULL);
INSERT INTO `CARRITO` (`NOMBRE`, `CANTIDAD_AGREGADA`, `CANTIDAD_STOCK`, `PRECIO`, `MARCA`, `CATEGORIA`, `ID_PRODUCTO`, `ID_PRODUCTO_WISHLIST`) VALUES ('SWS14-24', 4, 25, 1500, 'CISCO', 4, 30, NULL);



INSERT INTO `COMPRA` (`ID_COMPRA`, `CANTIDAD_COMPRADA`, `CANTIDAD_STOCK`, `PRECIO`, `MARCA`, `CATEGORIA`, `ID_PRODUCTO_AGREGADO`, `ID_PRODUCTO`) VALUES (1, 2, 5, 3500, 'CISCO', 3, 1, 22);
INSERT INTO `COMPRA` (`ID_COMPRA`, `CANTIDAD_COMPRADA`, `CANTIDAD_STOCK`, `PRECIO`, `MARCA`, `CATEGORIA`, `ID_PRODUCTO_AGREGADO`, `ID_PRODUCTO`) VALUES (2, 1, 25, 1500, 'CISCO', 4, 2,30);
INSERT INTO `COMPRA` (`ID_COMPRA`, `CANTIDAD_COMPRADA`, `CANTIDAD_STOCK`, `PRECIO`, `MARCA`, `CATEGORIA`, `ID_PRODUCTO_AGREGADO`, `ID_PRODUCTO`) VALUES (3, 2, 10, 1000, 'CISCO', 1, 3,1);
INSERT INTO `COMPRA` (`ID_COMPRA`, `CANTIDAD_COMPRADA`, `CANTIDAD_STOCK`, `PRECIO`, `MARCA`, `CATEGORIA`, `ID_PRODUCTO_AGREGADO`, `ID_PRODUCTO`) VALUES (4, 1, 50, 2500, 'CISCO', 2 , 4,10);
INSERT INTO `COMPRA` (`ID_COMPRA`, `CANTIDAD_COMPRADA`, `CANTIDAD_STOCK`, `PRECIO`, `MARCA`, `CATEGORIA`, `ID_PRODUCTO_AGREGADO`, `ID_PRODUCTO`) VALUES (5, 3, 50, 2500, 'CISCO', 2, 5, 15);
INSERT INTO `COMPRA` (`ID_COMPRA`, `CANTIDAD_COMPRADA`, `CANTIDAD_STOCK`, `PRECIO`, `MARCA`, `CATEGORIA`, `ID_PRODUCTO_AGREGADO`, `ID_PRODUCTO`) VALUES (6, 1, 5, 4000, 'AXIS', 1, 6, 38);
INSERT INTO `COMPRA` (`ID_COMPRA`, `CANTIDAD_COMPRADA`, `CANTIDAD_STOCK`, `PRECIO`, `MARCA`, `CATEGORIA`, `ID_PRODUCTO_AGREGADO`, `ID_PRODUCTO`) VALUES (7, 4, 10, 1750, 'AXIS', 1, 7, 34);
INSERT INTO `COMPRA` (`ID_COMPRA`, `CANTIDAD_COMPRADA`, `CANTIDAD_STOCK`, `PRECIO`, `MARCA`, `CATEGORIA`, `ID_PRODUCTO_AGREGADO`, `ID_PRODUCTO`) VALUES (8, 2, 18, 2750, 'AXIS', 1, 8, 36);
INSERT INTO `COMPRA` (`ID_COMPRA`, `CANTIDAD_COMPRADA`, `CANTIDAD_STOCK`, `PRECIO`, `MARCA`, `CATEGORIA`, `ID_PRODUCTO_AGREGADO`, `ID_PRODUCTO`) VALUES (9, 1, 5, 3500, 'CISCO', 3, 9, 22);
INSERT INTO `COMPRA` (`ID_COMPRA`, `CANTIDAD_COMPRADA`, `CANTIDAD_STOCK`, `PRECIO`, `MARCA`, `CATEGORIA`, `ID_PRODUCTO_AGREGADO`, `ID_PRODUCTO`) VALUES (10, 2, 10, 2500, 'CISCO', 2, 10, 12);
INSERT INTO `COMPRA` (`ID_COMPRA`, `CANTIDAD_COMPRADA`, `CANTIDAD_STOCK`, `PRECIO`, `MARCA`, `CATEGORIA`, `ID_PRODUCTO_AGREGADO`, `ID_PRODUCTO`) VALUES (11, 3, 10, 1200, 'CISCO', 3, 11, 18);
INSERT INTO `COMPRA` (`ID_COMPRA`, `CANTIDAD_COMPRADA`, `CANTIDAD_STOCK`, `PRECIO`, `MARCA`, `CATEGORIA`, `ID_PRODUCTO_AGREGADO`, `ID_PRODUCTO`) VALUES (12, 1, 10, 1000, 'AXIS', 1, 12, 1);
INSERT INTO `COMPRA` (`ID_COMPRA`, `CANTIDAD_COMPRADA`, `CANTIDAD_STOCK`, `PRECIO`, `MARCA`, `CATEGORIA`, `ID_PRODUCTO_AGREGADO`, `ID_PRODUCTO`) VALUES (13, 2, 50, 2500, 'CISCO', 2, 13, 10);
INSERT INTO `COMPRA` (`ID_COMPRA`, `CANTIDAD_COMPRADA`, `CANTIDAD_STOCK`, `PRECIO`, `MARCA`, `CATEGORIA`, `ID_PRODUCTO_AGREGADO`, `ID_PRODUCTO`) VALUES (14, 3, 10, 2500, 'CISCO', 3, 14, 20);
INSERT INTO `COMPRA` (`ID_COMPRA`, `CANTIDAD_COMPRADA`, `CANTIDAD_STOCK`, `PRECIO`, `MARCA`, `CATEGORIA`, `ID_PRODUCTO_AGREGADO`, `ID_PRODUCTO`) VALUES (15, 4, 25, 1500, 'CISCO', 4, 15, 30);

INSERT INTO `FACTURACION` (`ID_FACTURACION`, `FECHA_COMPRA`, `ID_COMPRA`, `CODIGO_FACTURA`, `ID_USUARIO`) VALUES (1, '2022-08-01', 1, 'A1B2C3', 12005678);
INSERT INTO `FACTURACION` (`ID_FACTURACION`, `FECHA_COMPRA`, `ID_COMPRA`, `CODIGO_FACTURA`, `ID_USUARIO`) VALUES (2, '2022-08-01', 2, 'A1B2C3', 12005678);
INSERT INTO `FACTURACION` (`ID_FACTURACION`, `FECHA_COMPRA`, `ID_COMPRA`, `CODIGO_FACTURA`, `ID_USUARIO`) VALUES (3, '2022-08-01', 3, 'A1B2C3', 12005678);
INSERT INTO `FACTURACION` (`ID_FACTURACION`, `FECHA_COMPRA`, `ID_COMPRA`, `CODIGO_FACTURA`, `ID_USUARIO`) VALUES (4, '2022-08-01', 4, 'A1B2C3', 12005678);
INSERT INTO `FACTURACION` (`ID_FACTURACION`, `FECHA_COMPRA`, `ID_COMPRA`, `CODIGO_FACTURA`, `ID_USUARIO`) VALUES (5, '2022-08-01', 5, 'A1B2C3', 12005678);
INSERT INTO `FACTURACION` (`ID_FACTURACION`, `FECHA_COMPRA`, `ID_COMPRA`, `CODIGO_FACTURA`, `ID_USUARIO`) VALUES (6, '2022-08-11', 6, 'XRZ111', 45963741);
INSERT INTO `FACTURACION` (`ID_FACTURACION`, `FECHA_COMPRA`, `ID_COMPRA`, `CODIGO_FACTURA`, `ID_USUARIO`) VALUES (7, '2022-08-11', 7, 'XRZ111', 45963741);
INSERT INTO `FACTURACION` (`ID_FACTURACION`, `FECHA_COMPRA`, `ID_COMPRA`, `CODIGO_FACTURA`, `ID_USUARIO`) VALUES (8, '2022-08-11', 8, 'XRZ111', 45963741);
INSERT INTO `FACTURACION` (`ID_FACTURACION`, `FECHA_COMPRA`, `ID_COMPRA`, `CODIGO_FACTURA`, `ID_USUARIO`) VALUES (9, '2022-05-01', 9, 'XXZ121', 15235678);
INSERT INTO `FACTURACION` (`ID_FACTURACION`, `FECHA_COMPRA`, `ID_COMPRA`, `CODIGO_FACTURA`, `ID_USUARIO`) VALUES (10, '2022-05-01', 10, '22F55A', 12345678);
INSERT INTO `FACTURACION` (`ID_FACTURACION`, `FECHA_COMPRA`, `ID_COMPRA`, `CODIGO_FACTURA`, `ID_USUARIO`) VALUES (11, '2022-05-01', 11, '22F55A', 12345678);
INSERT INTO `FACTURACION` (`ID_FACTURACION`, `FECHA_COMPRA`, `ID_COMPRA`, `CODIGO_FACTURA`, `ID_USUARIO`) VALUES (12, '2022-06-21', 12, 'WQ99KL', 95930258);
INSERT INTO `FACTURACION` (`ID_FACTURACION`, `FECHA_COMPRA`, `ID_COMPRA`, `CODIGO_FACTURA`, `ID_USUARIO`) VALUES (13, '2022-06-21', 13, 'WQ99KL', 95930258);
INSERT INTO `FACTURACION` (`ID_FACTURACION`, `FECHA_COMPRA`, `ID_COMPRA`, `CODIGO_FACTURA`, `ID_USUARIO`) VALUES (14, '2022-06-21', 14, 'WQ99KL', 95930258);
INSERT INTO `FACTURACION` (`ID_FACTURACION`, `FECHA_COMPRA`, `ID_COMPRA`, `CODIGO_FACTURA`, `ID_USUARIO`) VALUES (15, '2022-06-21', 15, 'WQ99KL', 95930258);

SET SQL_SAFE_UPDATES = 1;